Type,Product,Started Date,Completed Date,Description,Amount,Fee,Currency,State,Balance
CARD_PAYMENT,Current,2024-01-01 12:00:00,2024-01-01 12:00:00,Fictional Market *TERM123 RO,-25.50,0.50,RON,COMPLETED,1000
TRANSFER,Current,2024-01-02 10:00:00,2024-01-02 10:00:00,To Mira Fiction,-100,0,RON,COMPLETED,1000
TRANSFER,Current,2024-01-03 10:00:00,2024-01-03 10:00:00,Transfer from Dorian Example,50,0,RON,COMPLETED,1000
TRANSFER,Current,2024-01-04 10:00:00,2024-01-04 10:00:00,Payment from Luma Fiction,70,0,RON,COMPLETED,1000
TOPUP,Current,2024-01-05 10:00:00,2024-01-05 10:00:00,Top up,200,0,RON,COMPLETED,1000
FEE,Current,2024-01-06 10:00:00,2024-01-06 10:00:00,Service charge,-2,0,RON,COMPLETED,1000
EXCHANGE,Current,2024-01-07 10:00:00,2024-01-07 10:00:00,Exchange,-10,0,EUR,COMPLETED,1000
CARD_REFUND,Current,2024-01-08 10:00:00,2024-01-08 10:00:00,Fictional Market,5,0,RON,COMPLETED,1000
REFUND,Current,2024-01-09 10:00:00,2024-01-09 10:00:00,Example shop,6,0,RON,COMPLETED,1000
UNKNOWN,Current,2024-01-10 10:00:00,,Other,1,0,RON,COMPLETED,1000
CARD_PAYMENT,Current,2024-01-11 10:00:00,2024-01-11 10:00:00,Pending,-9,0,RON,PENDING,1000
CARD_PAYMENT,Current,2024-01-12 10:00:00,2024-01-12 10:00:00,Reverted,-9,0,RON,REVERTED,1000
